<?xml version="1.0" encoding="UTF-8"?>
<project-private xmlns="http://www.netbeans.org/ns/project-private/1">
    <editor-bookmarks xmlns="http://www.netbeans.org/ns/editor-bookmarks/2" lastBookmarkId="0"/>
    <open-files xmlns="http://www.netbeans.org/ns/projectui-open-files/2">
        <group>
            <file>file:/C:/Users/ashish%20raj/Documents/NetBeansProjects/12218354%20_ashish_kumar/smart_city_management/src/smart_city/student_registration.java</file>
            <file>file:/C:/Users/ashish%20raj/Documents/NetBeansProjects/12218354%20_ashish_kumar/smart_city_management/src/smart_city/STUDENT_DETAIL.java</file>
            <file>file:/C:/Users/ashish%20raj/Documents/NetBeansProjects/12218354%20_ashish_kumar/smart_city_management/src/smart_city/home_page.java</file>
            <file>file:/C:/Users/ashish%20raj/Documents/NetBeansProjects/12218354%20_ashish_kumar/smart_city_management/src/smart_city/BUSINESS_DETAIL.java</file>
            <file>file:/C:/Users/ashish%20raj/Documents/NetBeansProjects/12218354%20_ashish_kumar/smart_city_management/src/smart_city/admin_page.java</file>
            <file>file:/C:/Users/ashish%20raj/Documents/NetBeansProjects/12218354%20_ashish_kumar/smart_city_management/src/smart_city/BUSINESS_PAGE.java</file>
            <file>file:/C:/Users/ashish%20raj/Documents/NetBeansProjects/12218354%20_ashish_kumar/smart_city_management/src/smart_city/STUDENT_PAGE.java</file>
        </group>
    </open-files>
</project-private>
